Workbook

Sheet Summary
A1: Client Payments Summary
A3: Total received (all time) | B3: =SUM(Payments!C5:C504)
A4: Number of payments | B4: =COUNT(Payments!C5:C504)
A5: Number of clients | B5: =COUNTA(Clients!A5:A504)
A6: Average payment | B6: =IFERROR(B3/B4,0)
A7: Most recent payment date | B7: =IF(B4=0,"",MAX(Payments!A5:A504))
A10: Monthly totals for year: | B10: 2026 | C10: <- change the year
A12: Month | B12: Amount Received ($) | C12: # Payments
A13: January | B13: =SUMIFS(Payments!$C$5:$C$504,Payments!$A$5:$A$504,">="&DATE($B$10,1,1),Payments!$A$5:$A$504,"<"&DATE($B$10,1+1,1)) | C13: =COUNTIFS(Payments!$A$5:$A$504,">="&DATE($B$10,1,1),Payments!$A$5:$A$504,"<"&DATE($B$10,1+1,1))
A14: February | B14: =SUMIFS(Payments!$C$5:$C$504,Payments!$A$5:$A$504,">="&DATE($B$10,2,1),Payments!$A$5:$A$504,"<"&DATE($B$10,2+1,1)) | C14: =COUNTIFS(Payments!$A$5:$A$504,">="&DATE($B$10,2,1),Payments!$A$5:$A$504,"<"&DATE($B$10,2+1,1))
A15: March | B15: =SUMIFS(Payments!$C$5:$C$504,Payments!$A$5:$A$504,">="&DATE($B$10,3,1),Payments!$A$5:$A$504,"<"&DATE($B$10,3+1,1)) | C15: =COUNTIFS(Payments!$A$5:$A$504,">="&DATE($B$10,3,1),Payments!$A$5:$A$504,"<"&DATE($B$10,3+1,1))
A16: April | B16: =SUMIFS(Payments!$C$5:$C$504,Payments!$A$5:$A$504,">="&DATE($B$10,4,1),Payments!$A$5:$A$504,"<"&DATE($B$10,4+1,1)) | C16: =COUNTIFS(Payments!$A$5:$A$504,">="&DATE($B$10,4,1),Payments!$A$5:$A$504,"<"&DATE($B$10,4+1,1))
A17: May | B17: =SUMIFS(Payments!$C$5:$C$504,Payments!$A$5:$A$504,">="&DATE($B$10,5,1),Payments!$A$5:$A$504,"<"&DATE($B$10,5+1,1)) | C17: =COUNTIFS(Payments!$A$5:$A$504,">="&DATE($B$10,5,1),Payments!$A$5:$A$504,"<"&DATE($B$10,5+1,1))
A18: June | B18: =SUMIFS(Payments!$C$5:$C$504,Payments!$A$5:$A$504,">="&DATE($B$10,6,1),Payments!$A$5:$A$504,"<"&DATE($B$10,6+1,1)) | C18: =COUNTIFS(Payments!$A$5:$A$504,">="&DATE($B$10,6,1),Payments!$A$5:$A$504,"<"&DATE($B$10,6+1,1))
A19: July | B19: =SUMIFS(Payments!$C$5:$C$504,Payments!$A$5:$A$504,">="&DATE($B$10,7,1),Payments!$A$5:$A$504,"<"&DATE($B$10,7+1,1)) | C19: =COUNTIFS(Payments!$A$5:$A$504,">="&DATE($B$10,7,1),Payments!$A$5:$A$504,"<"&DATE($B$10,7+1,1))
A20: August | B20: =SUMIFS(Payments!$C$5:$C$504,Payments!$A$5:$A$504,">="&DATE($B$10,8,1),Payments!$A$5:$A$504,"<"&DATE($B$10,8+1,1)) | C20: =COUNTIFS(Payments!$A$5:$A$504,">="&DATE($B$10,8,1),Payments!$A$5:$A$504,"<"&DATE($B$10,8+1,1))
A21: September | B21: =SUMIFS(Payments!$C$5:$C$504,Payments!$A$5:$A$504,">="&DATE($B$10,9,1),Payments!$A$5:$A$504,"<"&DATE($B$10,9+1,1)) | C21: =COUNTIFS(Payments!$A$5:$A$504,">="&DATE($B$10,9,1),Payments!$A$5:$A$504,"<"&DATE($B$10,9+1,1))
A22: October | B22: =SUMIFS(Payments!$C$5:$C$504,Payments!$A$5:$A$504,">="&DATE($B$10,10,1),Payments!$A$5:$A$504,"<"&DATE($B$10,10+1,1)) | C22: =COUNTIFS(Payments!$A$5:$A$504,">="&DATE($B$10,10,1),Payments!$A$5:$A$504,"<"&DATE($B$10,10+1,1))
A23: November | B23: =SUMIFS(Payments!$C$5:$C$504,Payments!$A$5:$A$504,">="&DATE($B$10,11,1),Payments!$A$5:$A$504,"<"&DATE($B$10,11+1,1)) | C23: =COUNTIFS(Payments!$A$5:$A$504,">="&DATE($B$10,11,1),Payments!$A$5:$A$504,"<"&DATE($B$10,11+1,1))
A24: December | B24: =SUMIFS(Payments!$C$5:$C$504,Payments!$A$5:$A$504,">="&DATE($B$10,12,1),Payments!$A$5:$A$504,"<"&DATE($B$10,12+1,1)) | C24: =COUNTIFS(Payments!$A$5:$A$504,">="&DATE($B$10,12,1),Payments!$A$5:$A$504,"<"&DATE($B$10,12+1,1))
A25: Year total | B25: =SUM(B13:B24) | C25: =SUM(C13:C24)
A28: How to use
A29: 1. Add each client once on the Clients tab (blue columns).
A30: 2. Log every payment on the Payments tab: date, client (dropdown), amount.
A31: 3. Totals, payment counts and last-payment dates update automatically.
A32: 4. Change the yellow year cell above to see monthly totals for another year.
A33: 5. The 'Example Client LLC' rows are samples - delete them when you start.

Sheet Payments
A1: Payment Log
A2: Enter one row per payment. Blue text = your entries. Pick the client from the dropdown (add new clients on the Clients tab first).
A4: Date Paid | B4: Client | C4: Amount Paid ($) | D4: Payment Method | E4: Invoice / Ref # | F4: Notes
A5: 46296 | B5: Example Client LLC | C5: 1250 | D5: Check | E5: INV-1001 | F5: Example row - replace or delete

Sheet Clients
A1: Clients
A2: Blue columns are yours to fill in. Black columns (Total Paid, # Payments, Last Payment) calculate automatically from the Payments tab.
A4: Client Name | B4: Contact Person | C4: Email | D4: Phone | E4: Total Paid ($) | F4: # of Payments | G4: Last Payment | H4: Notes
A5: Example Client LLC | B5: Jane Doe | C5: jane@example.com | D5: (555) 123-4567 | E5: =IF(A5="","",SUMIFS(Payments!$C$5:$C$504,Payments!$B$5:$B$504,A5)) | F5: =IF(A5="","",COUNTIFS(Payments!$B$5:$B$504,A5)) | G5: =IF(OR(A5="",F5=0),"",_xlfn.MAXIFS(Payments!$A$5:$A$504,Payments!$B$5:$B$504,A5))
E6: =IF(A6="","",SUMIFS(Payments!$C$5:$C$504,Payments!$B$5:$B$504,A6)) | F6: =IF(A6="","",COUNTIFS(Payments!$B$5:$B$504,A6)) | G6: =IF(OR(A6="",F6=0),"",_xlfn.MAXIFS(Payments!$A$5:$A$504,Payments!$B$5:$B$504,A6))
E7: =IF(A7="","",SUMIFS(Payments!$C$5:$C$504,Payments!$B$5:$B$504,A7)) | F7: =IF(A7="","",COUNTIFS(Payments!$B$5:$B$504,A7)) | G7: =IF(OR(A7="",F7=0),"",_xlfn.MAXIFS(Payments!$A$5:$A$504,Payments!$B$5:$B$504,A7))
E8: =IF(A8="","",SUMIFS(Payments!$C$5:$C$504,Payments!$B$5:$B$504,A8)) | F8: =IF(A8="","",COUNTIFS(Payments!$B$5:$B$504,A8)) | G8: =IF(OR(A8="",F8=0),"",_xlfn.MAXIFS(Payments!$A$5:$A$504,Payments!$B$5:$B$504,A8))
E9: =IF(A9="","",SUMIFS(Payments!$C$5:$C$504,Payments!$B$5:$B$504,A9)) | F9: =IF(A9="","",COUNTIFS(Payments!$B$5:$B$504,A9)) | G9: =IF(OR(A9="",F9=0),"",_xlfn.MAXIFS(Payments!$A$5:$A$504,Payments!$B$5:$B$504,A9))
E10: =IF(A10="","",SUMIFS(Payments!$C$5:$C$504,Payments!$B$5:$B$504,A10)) | F10: =IF(A10="","",COUNTIFS(Payments!$B$5:$B$504,A10)) | G10: =IF(OR(A10="",F10=0),"",_xlfn.MAXIFS(Payments!$A$5:$A$504,Payments!$B$5:$B$504,A10))
E11: =IF(A11="","",SUMIFS(Payments!$C$5:$C$504,Payments!$B$5:$B$504,A11)) | F11: =IF(A11="","",COUNTIFS(Payments!$B$5:$B$504,A11)) | G11: =IF(OR(A11="",F11=0),"",_xlfn.MAXIFS(Payments!$A$5:$A$504,Payments!$B$5:$B$504,A11))
E12: =IF(A12="","",SUMIFS(Payments!$C$5:$C$504,Payments!$B$5:$B$504,A12)) | F12: =IF(A12="","",COUNTIFS(Payments!$B$5:$B$504,A12)) | G12: =IF(OR(A12="",F12=0),"",_xlfn.MAXIFS(Payments!$A$5:$A$504,Payments!$B$5:$B$504,A12))
E13: =IF(A13="","",SUMIFS(Payments!$C$5:$C$504,Payments!$B$5:$B$504,A13)) | F13: =IF(A13="","",COUNTIFS(Payments!$B$5:$B$504,A13)) | G13: =IF(OR(A13="",F13=0),"",_xlfn.MAXIFS(Payments!$A$5:$A$504,Payments!$B$5:$B$504,A13))
E14: =IF(A14="","",SUMIFS(Payments!$C$5:$C$504,Payments!$B$5:$B$504,A14)) | F14: =IF(A14="","",COUNTIFS(Payments!$B$5:$B$504,A14)) | G14: =IF(OR(A14="",F14=0),"",_xlfn.MAXIFS(Payments!$A$5:$A$504,Payments!$B$5:$B$504,A14))
E15: =IF(A15="","",SUMIFS(Payments!$C$5:$C$504,Payments!$B$5:$B$504,A15)) | F15: =IF(A15="","",COUNTIFS(Payments!$B$5:$B$504,A15)) | G15: =IF(OR(A15="",F15=0),"",_xlfn.MAXIFS(Payments!$A$5:$A$504,Payments!$B$5:$B$504,A15))
E16: =IF(A16="","",SUMIFS(Payments!$C$5:$C$504,Payments!$B$5:$B$504,A16)) | F16: =IF(A16="","",COUNTIFS(Payments!$B$5:$B$504,A16)) | G16: =IF(OR(A16="",F16=0),"",_xlfn.MAXIFS(Payments!$A$5:$A$504,Payments!$B$5:$B$504,A16))
E17: =IF(A17="","",SUMIFS(Payments!$C$5:$C$504,Payments!$B$5:$B$504,A17)) | F17: =IF(A17="","",COUNTIFS(Payments!$B$5:$B$504,A17)) | G17: =IF(OR(A17="",F17=0),"",_xlfn.MAXIFS(Payments!$A$5:$A$504,Payments!$B$5:$B$504,A17))
... E504: =IF(A504="","",SUMIFS(Payments!$C$5:$C$504,Payments!$B$5:$B$504,A504)) | F504: =IF(A504="","",COUNTIFS(Payments!$B$5:$B$504,A504)) | G504: =IF(OR(A504="",F504=0),"",_xlfn.MAXIFS(Payments!$A$5:$A$504,Payments!$B$5:$B$504,A504))

Sheet Lists
A1: Payment Methods (edit as needed)
A2: Cash
A3: Check
A4: Credit Card
A5: Bank Transfer
A6: Venmo
A7: Zelle
A8: PayPal
A9: Other
