Workbook

Sheet Setup
A1: Throwing Calendar - Setup
A3: Client name | B3: Client Name | C3: <- shows at the top of every month
A4: Year | B4: 2026 | C4: <- dates on every month update automatically
A5: Coach | B5: Coach Name
A8: Activity Types (color-coded)
A9: Throwing Day
A10: Bullpen
A11: Long Toss
A12: Live / Game
A13: Arm Care / Recovery
A14: Lifting
A15: Rest Day
A18: How to use
A19: 1. Fill in the yellow cells above (client name, year, coach).
A20: 2. Go to any month tab. Each day box has 4 lines:
A21: line 1 = date (automatic)
... A27: 6. The sample entries in January are examples - delete them when you start.

Sheet Drill Library
A1: Drill | B1: Purpose / Notes
A2: Towel Drill | B2: Mechanics - arm path and extension without a ball
A3: Rocker Drill | B3: Rhythm and weight transfer from a rocking start
A4: Hip Hinge / Separation Drill | B4: Hip-shoulder separation
A5: Pivot Pickoff | B5: Lower half rotation
A6: Flat Ground 60ft | B6: Controlled throwing at 60ft
A7: Long Toss to 120ft | B7: Arm strength - build out distance
A8: Long Toss to 180ft+ | B8: Arm strength - max distance
A9: Pull-Downs | B9: Compression throws back in
A10: Plyo Ball Wall Throws | B10: Arm path and deceleration
A11: Band Routine (J-Bands) | B11: Arm care warmup / cooldown
A12: Bullpen - 25 pitches | B12: Command focus
... A15: Breaking Ball Spin Work | B15: Spin / shape

Sheet Lists
A1: Activity types (dropdown source)
A2: Throwing Day
A3: Bullpen
A4: Long Toss
A5: Live / Game
A6: Arm Care / Recovery
A7: Lifting
A8: Rest Day

Sheet Jan
B1: =UPPER(TEXT(DATE(Setup!$B$4,1,1),"mmmm yyyy"))&" - THROWING CALENDAR" | J1: =DATE(Setup!$B$4,1,1)-WEEKDAY(DATE(Setup!$B$4,1,1))+1
B2: ="Client: "&Setup!$B$3 | F2: ="Coach: "&Setup!$B$5
B4: Sunday | C4: Monday | D4: Tuesday | E4: Wednesday | F4: Thursday | G4: Friday | H4: Saturday
B5: =IF(MONTH($J$1+0)=1,DAY($J$1+0),"") | C5: =IF(MONTH($J$1+1)=1,DAY($J$1+1),"") | D5: =IF(MONTH($J$1+2)=1,DAY($J$1+2),"") | E5: =IF(MONTH($J$1+3)=1,DAY($J$1+3),"") | F5: =IF(MONTH($J$1+4)=1,DAY($J$1+4),"") | G5: =IF(MONTH($J$1+5)=1,DAY($J$1+5),"") | H5: =IF(MONTH($J$1+6)=1,DAY($J$1+6),"")
B9: =IF(MONTH($J$1+7)=1,DAY($J$1+7),"") | C9: =IF(MONTH($J$1+8)=1,DAY($J$1+8),"") | D9: =IF(MONTH($J$1+9)=1,DAY($J$1+9),"") | E9: =IF(MONTH($J$1+10)=1,DAY($J$1+10),"") | F9: =IF(MONTH($J$1+11)=1,DAY($J$1+11),"") | G9: =IF(MONTH($J$1+12)=1,DAY($J$1+12),"") | H9: =IF(MONTH($J$1+13)=1,DAY($J$1+13),"")
C10: Throwing Day | D10: Arm Care / Recovery | E10: Bullpen | F10: Rest Day
C11: Band Routine (J-Bands) | D11: Band Routine (J-Bands) | E11: Towel Drill
C12: Long Toss to 120ft | E12: Bullpen - 25 pitches
B13: =IF(MONTH($J$1+14)=1,DAY($J$1+14),"") | C13: =IF(MONTH($J$1+15)=1,DAY($J$1+15),"") | D13: =IF(MONTH($J$1+16)=1,DAY($J$1+16),"") | E13: =IF(MONTH($J$1+17)=1,DAY($J$1+17),"") | F13: =IF(MONTH($J$1+18)=1,DAY($J$1+18),"") | G13: =IF(MONTH($J$1+19)=1,DAY($J$1+19),"") | H13: =IF(MONTH($J$1+20)=1,DAY($J$1+20),"")
B17: =IF(MONTH($J$1+21)=1,DAY($J$1+21),"") | C17: =IF(MONTH($J$1+22)=1,DAY($J$1+22),"") | D17: =IF(MONTH($J$1+23)=1,DAY($J$1+23),"") | E17: =IF(MONTH($J$1+24)=1,DAY($J$1+24),"") | F17: =IF(MONTH($J$1+25)=1,DAY($J$1+25),"") | G17: =IF(MONTH($J$1+26)=1,DAY($J$1+26),"") | H17: =IF(MONTH($J$1+27)=1,DAY($J$1+27),"")
B21: =IF(MONTH($J$1+28)=1,DAY($J$1+28),"") | C21: =IF(MONTH($J$1+29)=1,DAY($J$1+29),"") | D21: =IF(MONTH($J$1+30)=1,DAY($J$1+30),"") | E21: =IF(MONTH($J$1+31)=1,DAY($J$1+31),"") | F21: =IF(MONTH($J$1+32)=1,DAY($J$1+32),"") | G21: =IF(MONTH($J$1+33)=1,DAY($J$1+33),"") | H21: =IF(MONTH($J$1+34)=1,DAY($J$1+34),"")
B25: =IF(MONTH($J$1+35)=1,DAY($J$1+35),"") | C25: =IF(MONTH($J$1+36)=1,DAY($J$1+36),"") | D25: =IF(MONTH($J$1+37)=1,DAY($J$1+37),"") | E25: =IF(MONTH($J$1+38)=1,DAY($J$1+38),"") | F25: =IF(MONTH($J$1+39)=1,DAY($J$1+39),"") | G25: =IF(MONTH($J$1+40)=1,DAY($J$1+40),"") | H25: =IF(MONTH($J$1+41)=1,DAY($J$1+41),"")
B30: Monthly Goals / Notes
B31: Example: Build long toss distance to 150ft. 2 bullpens per week, command focus on fastball.
B36: Key:
B37: Throwing Day | C37: Bullpen | D37: Long Toss | E37: Live / Game | F37: Arm Care / Recovery | G37: Lifting | H37: Rest Day

Sheet Feb
B1: =UPPER(TEXT(DATE(Setup!$B$4,2,1),"mmmm yyyy"))&" - THROWING CALENDAR" | J1: =DATE(Setup!$B$4,2,1)-WEEKDAY(DATE(Setup!$B$4,2,1))+1
B2: ="Client: "&Setup!$B$3 | F2: ="Coach: "&Setup!$B$5
B4: Sunday | C4: Monday | D4: Tuesday | E4: Wednesday | F4: Thursday | G4: Friday | H4: Saturday
B5: =IF(MONTH($J$1+0)=2,DAY($J$1+0),"") | C5: =IF(MONTH($J$1+1)=2,DAY($J$1+1),"") | D5: =IF(MONTH($J$1+2)=2,DAY($J$1+2),"") | E5: =IF(MONTH($J$1+3)=2,DAY($J$1+3),"") | F5: =IF(MONTH($J$1+4)=2,DAY($J$1+4),"") | G5: =IF(MONTH($J$1+5)=2,DAY($J$1+5),"") | H5: =IF(MONTH($J$1+6)=2,DAY($J$1+6),"")
B9: =IF(MONTH($J$1+7)=2,DAY($J$1+7),"") | C9: =IF(MONTH($J$1+8)=2,DAY($J$1+8),"") | D9: =IF(MONTH($J$1+9)=2,DAY($J$1+9),"") | E9: =IF(MONTH($J$1+10)=2,DAY($J$1+10),"") | F9: =IF(MONTH($J$1+11)=2,DAY($J$1+11),"") | G9: =IF(MONTH($J$1+12)=2,DAY($J$1+12),"") | H9: =IF(MONTH($J$1+13)=2,DAY($J$1+13),"")
B13: =IF(MONTH($J$1+14)=2,DAY($J$1+14),"") | C13: =IF(MONTH($J$1+15)=2,DAY($J$1+15),"") | D13: =IF(MONTH($J$1+16)=2,DAY($J$1+16),"") | E13: =IF(MONTH($J$1+17)=2,DAY($J$1+17),"") | F13: =IF(MONTH($J$1+18)=2,DAY($J$1+18),"") | G13: =IF(MONTH($J$1+19)=2,DAY($J$1+19),"") | H13: =IF(MONTH($J$1+20)=2,DAY($J$1+20),"")
B17: =IF(MONTH($J$1+21)=2,DAY($J$1+21),"") | C17: =IF(MONTH($J$1+22)=2,DAY($J$1+22),"") | D17: =IF(MONTH($J$1+23)=2,DAY($J$1+23),"") | E17: =IF(MONTH($J$1+24)=2,DAY($J$1+24),"") | F17: =IF(MONTH($J$1+25)=2,DAY($J$1+25),"") | G17: =IF(MONTH($J$1+26)=2,DAY($J$1+26),"") | H17: =IF(MONTH($J$1+27)=2,DAY($J$1+27),"")
B21: =IF(MONTH($J$1+28)=2,DAY($J$1+28),"") | C21: =IF(MONTH($J$1+29)=2,DAY($J$1+29),"") | D21: =IF(MONTH($J$1+30)=2,DAY($J$1+30),"") | E21: =IF(MONTH($J$1+31)=2,DAY($J$1+31),"") | F21: =IF(MONTH($J$1+32)=2,DAY($J$1+32),"") | G21: =IF(MONTH($J$1+33)=2,DAY($J$1+33),"") | H21: =IF(MONTH($J$1+34)=2,DAY($J$1+34),"")
B25: =IF(MONTH($J$1+35)=2,DAY($J$1+35),"") | C25: =IF(MONTH($J$1+36)=2,DAY($J$1+36),"") | D25: =IF(MONTH($J$1+37)=2,DAY($J$1+37),"") | E25: =IF(MONTH($J$1+38)=2,DAY($J$1+38),"") | F25: =IF(MONTH($J$1+39)=2,DAY($J$1+39),"") | G25: =IF(MONTH($J$1+40)=2,DAY($J$1+40),"") | H25: =IF(MONTH($J$1+41)=2,DAY($J$1+41),"")
B30: Monthly Goals / Notes
B36: Key:
B37: Throwing Day | C37: Bullpen | D37: Long Toss | E37: Live / Game | F37: Arm Care / Recovery | G37: Lifting | H37: Rest Day

Sheet Mar
B1: =UPPER(TEXT(DATE(Setup!$B$4,3,1),"mmmm yyyy"))&" - THROWING CALENDAR" | J1: =DATE(Setup!$B$4,3,1)-WEEKDAY(DATE(Setup!$B$4,3,1))+1
B2: ="Client: "&Setup!$B$3 | F2: ="Coach: "&Setup!$B$5
B4: Sunday | C4: Monday | D4: Tuesday | E4: Wednesday | F4: Thursday | G4: Friday | H4: Saturday
B5: =IF(MONTH($J$1+0)=3,DAY($J$1+0),"") | C5: =IF(MONTH($J$1+1)=3,DAY($J$1+1),"") | D5: =IF(MONTH($J$1+2)=3,DAY($J$1+2),"") | E5: =IF(MONTH($J$1+3)=3,DAY($J$1+3),"") | F5: =IF(MONTH($J$1+4)=3,DAY($J$1+4),"") | G5: =IF(MONTH($J$1+5)=3,DAY($J$1+5),"") | H5: =IF(MONTH($J$1+6)=3,DAY($J$1+6),"")
B9: =IF(MONTH($J$1+7)=3,DAY($J$1+7),"") | C9: =IF(MONTH($J$1+8)=3,DAY($J$1+8),"") | D9: =IF(MONTH($J$1+9)=3,DAY($J$1+9),"") | E9: =IF(MONTH($J$1+10)=3,DAY($J$1+10),"") | F9: =IF(MONTH($J$1+11)=3,DAY($J$1+11),"") | G9: =IF(MONTH($J$1+12)=3,DAY($J$1+12),"") | H9: =IF(MONTH($J$1+13)=3,DAY($J$1+13),"")
B13: =IF(MONTH($J$1+14)=3,DAY($J$1+14),"") | C13: =IF(MONTH($J$1+15)=3,DAY($J$1+15),"") | D13: =IF(MONTH($J$1+16)=3,DAY($J$1+16),"") | E13: =IF(MONTH($J$1+17)=3,DAY($J$1+17),"") | F13: =IF(MONTH($J$1+18)=3,DAY($J$1+18),"") | G13: =IF(MONTH($J$1+19)=3,DAY($J$1+19),"") | H13: =IF(MONTH($J$1+20)=3,DAY($J$1+20),"")
B17: =IF(MONTH($J$1+21)=3,DAY($J$1+21),"") | C17: =IF(MONTH($J$1+22)=3,DAY($J$1+22),"") | D17: =IF(MONTH($J$1+23)=3,DAY($J$1+23),"") | E17: =IF(MONTH($J$1+24)=3,DAY($J$1+24),"") | F17: =IF(MONTH($J$1+25)=3,DAY($J$1+25),"") | G17: =IF(MONTH($J$1+26)=3,DAY($J$1+26),"") | H17: =IF(MONTH($J$1+27)=3,DAY($J$1+27),"")
B21: =IF(MONTH($J$1+28)=3,DAY($J$1+28),"") | C21: =IF(MONTH($J$1+29)=3,DAY($J$1+29),"") | D21: =IF(MONTH($J$1+30)=3,DAY($J$1+30),"") | E21: =IF(MONTH($J$1+31)=3,DAY($J$1+31),"") | F21: =IF(MONTH($J$1+32)=3,DAY($J$1+32),"") | G21: =IF(MONTH($J$1+33)=3,DAY($J$1+33),"") | H21: =IF(MONTH($J$1+34)=3,DAY($J$1+34),"")
B25: =IF(MONTH($J$1+35)=3,DAY($J$1+35),"") | C25: =IF(MONTH($J$1+36)=3,DAY($J$1+36),"") | D25: =IF(MONTH($J$1+37)=3,DAY($J$1+37),"") | E25: =IF(MONTH($J$1+38)=3,DAY($J$1+38),"") | F25: =IF(MONTH($J$1+39)=3,DAY($J$1+39),"") | G25: =IF(MONTH($J$1+40)=3,DAY($J$1+40),"") | H25: =IF(MONTH($J$1+41)=3,DAY($J$1+41),"")
B30: Monthly Goals / Notes
B36: Key:
B37: Throwing Day | C37: Bullpen | D37: Long Toss | E37: Live / Game | F37: Arm Care / Recovery | G37: Lifting | H37: Rest Day

Sheet Apr
B1: =UPPER(TEXT(DATE(Setup!$B$4,4,1),"mmmm yyyy"))&" - THROWING CALENDAR" | J1: =DATE(Setup!$B$4,4,1)-WEEKDAY(DATE(Setup!$B$4,4,1))+1
B2: ="Client: "&Setup!$B$3 | F2: ="Coach: "&Setup!$B$5
B4: Sunday | C4: Monday | D4: Tuesday | E4: Wednesday | F4: Thursday | G4: Friday | H4: Saturday
B5: =IF(MONTH($J$1+0)=4,DAY($J$1+0),"") | C5: =IF(MONTH($J$1+1)=4,DAY($J$1+1),"") | D5: =IF(MONTH($J$1+2)=4,DAY($J$1+2),"") | E5: =IF(MONTH($J$1+3)=4,DAY($J$1+3),"") | F5: =IF(MONTH($J$1+4)=4,DAY($J$1+4),"") | G5: =IF(MONTH($J$1+5)=4,DAY($J$1+5),"") | H5: =IF(MONTH($J$1+6)=4,DAY($J$1+6),"")
B9: =IF(MONTH($J$1+7)=4,DAY($J$1+7),"") | C9: =IF(MONTH($J$1+8)=4,DAY($J$1+8),"") | D9: =IF(MONTH($J$1+9)=4,DAY($J$1+9),"") | E9: =IF(MONTH($J$1+10)=4,DAY($J$1+10),"") | F9: =IF(MONTH($J$1+11)=4,DAY($J$1+11),"") | G9: =IF(MONTH($J$1+12)=4,DAY($J$1+12),"") | H9: =IF(MONTH($J$1+13)=4,DAY($J$1+13),"")
B13: =IF(MONTH($J$1+14)=4,DAY($J$1+14),"") | C13: =IF(MONTH($J$1+15)=4,DAY($J$1+15),"") | D13: =IF(MONTH($J$1+16)=4,DAY($J$1+16),"") | E13: =IF(MONTH($J$1+17)=4,DAY($J$1+17),"") | F13: =IF(MONTH($J$1+18)=4,DAY($J$1+18),"") | G13: =IF(MONTH($J$1+19)=4,DAY($J$1+19),"") | H13: =IF(MONTH($J$1+20)=4,DAY($J$1+20),"")
B17: =IF(MONTH($J$1+21)=4,DAY($J$1+21),"") | C17: =IF(MONTH($J$1+22)=4,DAY($J$1+22),"") | D17: =IF(MONTH($J$1+23)=4,DAY($J$1+23),"") | E17: =IF(MONTH($J$1+24)=4,DAY($J$1+24),"") | F17: =IF(MONTH($J$1+25)=4,DAY($J$1+25),"") | G17: =IF(MONTH($J$1+26)=4,DAY($J$1+26),"") | H17: =IF(MONTH($J$1+27)=4,DAY($J$1+27),"")
B21: =IF(MONTH($J$1+28)=4,DAY($J$1+28),"") | C21: =IF(MONTH($J$1+29)=4,DAY($J$1+29),"") | D21: =IF(MONTH($J$1+30)=4,DAY($J$1+30),"") | E21: =IF(MONTH($J$1+31)=4,DAY($J$1+31),"") | F21: =IF(MONTH($J$1+32)=4,DAY($J$1+32),"") | G21: =IF(MONTH($J$1+33)=4,DAY($J$1+33),"") | H21: =IF(MONTH($J$1+34)=4,DAY($J$1+34),"")
B25: =IF(MONTH($J$1+35)=4,DAY($J$1+35),"") | C25: =IF(MONTH($J$1+36)=4,DAY($J$1+36),"") | D25: =IF(MONTH($J$1+37)=4,DAY($J$1+37),"") | E25: =IF(MONTH($J$1+38)=4,DAY($J$1+38),"") | F25: =IF(MONTH($J$1+39)=4,DAY($J$1+39),"") | G25: =IF(MONTH($J$1+40)=4,DAY($J$1+40),"") | H25: =IF(MONTH($J$1+41)=4,DAY($J$1+41),"")
B30: Monthly Goals / Notes
B36: Key:
B37: Throwing Day | C37: Bullpen | D37: Long Toss | E37: Live / Game | F37: Arm Care / Recovery | G37: Lifting | H37: Rest Day

Sheet May
B1: =UPPER(TEXT(DATE(Setup!$B$4,5,1),"mmmm yyyy"))&" - THROWING CALENDAR" | J1: =DATE(Setup!$B$4,5,1)-WEEKDAY(DATE(Setup!$B$4,5,1))+1
B2: ="Client: "&Setup!$B$3 | F2: ="Coach: "&Setup!$B$5
B4: Sunday | C4: Monday | D4: Tuesday | E4: Wednesday | F4: Thursday | G4: Friday | H4: Saturday
B5: =IF(MONTH($J$1+0)=5,DAY($J$1+0),"") | C5: =IF(MONTH($J$1+1)=5,DAY($J$1+1),"") | D5: =IF(MONTH($J$1+2)=5,DAY($J$1+2),"") | E5: =IF(MONTH($J$1+3)=5,DAY($J$1+3),"") | F5: =IF(MONTH($J$1+4)=5,DAY($J$1+4),"") | G5: =IF(MONTH($J$1+5)=5,DAY($J$1+5),"") | H5: =IF(MONTH($J$1+6)=5,DAY($J$1+6),"")
B9: =IF(MONTH($J$1+7)=5,DAY($J$1+7),"") | C9: =IF(MONTH($J$1+8)=5,DAY($J$1+8),"") | D9: =IF(MONTH($J$1+9)=5,DAY($J$1+9),"") | E9: =IF(MONTH($J$1+10)=5,DAY($J$1+10),"") | F9: =IF(MONTH($J$1+11)=5,DAY($J$1+11),"") | G9: =IF(MONTH($J$1+12)=5,DAY($J$1+12),"") | H9: =IF(MONTH($J$1+13)=5,DAY($J$1+13),"")
B13: =IF(MONTH($J$1+14)=5,DAY($J$1+14),"") | C13: =IF(MONTH($J$1+15)=5,DAY($J$1+15),"") | D13: =IF(MONTH($J$1+16)=5,DAY($J$1+16),"") | E13: =IF(MONTH($J$1+17)=5,DAY($J$1+17),"") | F13: =IF(MONTH($J$1+18)=5,DAY($J$1+18),"") | G13: =IF(MONTH($J$1+19)=5,DAY($J$1+19),"") | H13: =IF(MONTH($J$1+20)=5,DAY($J$1+20),"")
B17: =IF(MONTH($J$1+21)=5,DAY($J$1+21),"") | C17: =IF(MONTH($J$1+22)=5,DAY($J$1+22),"") | D17: =IF(MONTH($J$1+23)=5,DAY($J$1+23),"") | E17: =IF(MONTH($J$1+24)=5,DAY($J$1+24),"") | F17: =IF(MONTH($J$1+25)=5,DAY($J$1+25),"") | G17: =IF(MONTH($J$1+26)=5,DAY($J$1+26),"") | H17: =IF(MONTH($J$1+27)=5,DAY($J$1+27),"")
B21: =IF(MONTH($J$1+28)=5,DAY($J$1+28),"") | C21: =IF(MONTH($J$1+29)=5,DAY($J$1+29),"") | D21: =IF(MONTH($J$1+30)=5,DAY($J$1+30),"") | E21: =IF(MONTH($J$1+31)=5,DAY($J$1+31),"") | F21: =IF(MONTH($J$1+32)=5,DAY($J$1+32),"") | G21: =IF(MONTH($J$1+33)=5,DAY($J$1+33),"") | H21: =IF(MONTH($J$1+34)=5,DAY($J$1+34),"")
B25: =IF(MONTH($J$1+35)=5,DAY($J$1+35),"") | C25: =IF(MONTH($J$1+36)=5,DAY($J$1+36),"") | D25: =IF(MONTH($J$1+37)=5,DAY($J$1+37),"") | E25: =IF(MONTH($J$1+38)=5,DAY($J$1+38),"") | F25: =IF(MONTH($J$1+39)=5,DAY($J$1+39),"") | G25: =IF(MONTH($J$1+40)=5,DAY($J$1+40),"") | H25: =IF(MONTH($J$1+41)=5,DAY($J$1+41),"")
B30: Monthly Goals / Notes
B36: Key:
B37: Throwing Day | C37: Bullpen | D37: Long Toss | E37: Live / Game | F37: Arm Care / Recovery | G37: Lifting | H37: Rest Day

Sheet Jun
B1: =UPPER(TEXT(DATE(Setup!$B$4,6,1),"mmmm yyyy"))&" - THROWING CALENDAR" | J1: =DATE(Setup!$B$4,6,1)-WEEKDAY(DATE(Setup!$B$4,6,1))+1
B2: ="Client: "&Setup!$B$3 | F2: ="Coach: "&Setup!$B$5
B4: Sunday | C4: Monday | D4: Tuesday | E4: Wednesday | F4: Thursday | G4: Friday | H4: Saturday
B5: =IF(MONTH($J$1+0)=6,DAY($J$1+0),"") | C5: =IF(MONTH($J$1+1)=6,DAY($J$1+1),"") | D5: =IF(MONTH($J$1+2)=6,DAY($J$1+2),"") | E5: =IF(MONTH($J$1+3)=6,DAY($J$1+3),"") | F5: =IF(MONTH($J$1+4)=6,DAY($J$1+4),"") | G5: =IF(MONTH($J$1+5)=6,DAY($J$1+5),"") | H5: =IF(MONTH($J$1+6)=6,DAY($J$1+6),"")
B9: =IF(MONTH($J$1+7)=6,DAY($J$1+7),"") | C9: =IF(MONTH($J$1+8)=6,DAY($J$1+8),"") | D9: =IF(MONTH($J$1+9)=6,DAY($J$1+9),"") | E9: =IF(MONTH($J$1+10)=6,DAY($J$1+10),"") | F9: =IF(MONTH($J$1+11)=6,DAY($J$1+11),"") | G9: =IF(MONTH($J$1+12)=6,DAY($J$1+12),"") | H9: =IF(MONTH($J$1+13)=6,DAY($J$1+13),"")
B13: =IF(MONTH($J$1+14)=6,DAY($J$1+14),"") | C13: =IF(MONTH($J$1+15)=6,DAY($J$1+15),"") | D13: =IF(MONTH($J$1+16)=6,DAY($J$1+16),"") | E13: =IF(MONTH($J$1+17)=6,DAY($J$1+17),"") | F13: =IF(MONTH($J$1+18)=6,DAY($J$1+18),"") | G13: =IF(MONTH($J$1+19)=6,DAY($J$1+19),"") | H13: =IF(MONTH($J$1+20)=6,DAY($J$1+20),"")
B17: =IF(MONTH($J$1+21)=6,DAY($J$1+21),"") | C17: =IF(MONTH($J$1+22)=6,DAY($J$1+22),"") | D17: =IF(MONTH($J$1+23)=6,DAY($J$1+23),"") | E17: =IF(MONTH($J$1+24)=6,DAY($J$1+24),"") | F17: =IF(MONTH($J$1+25)=6,DAY($J$1+25),"") | G17: =IF(MONTH($J$1+26)=6,DAY($J$1+26),"") | H17: =IF(MONTH($J$1+27)=6,DAY($J$1+27),"")
B21: =IF(MONTH($J$1+28)=6,DAY($J$1+28),"") | C21: =IF(MONTH($J$1+29)=6,DAY($J$1+29),"") | D21: =IF(MONTH($J$1+30)=6,DAY($J$1+30),"") | E21: =IF(MONTH($J$1+31)=6,DAY($J$1+31),"") | F21: =IF(MONTH($J$1+32)=6,DAY($J$1+32),"") | G21: =IF(MONTH($J$1+33)=6,DAY($J$1+33),"") | H21: =IF(MONTH($J$1+34)=6,DAY($J$1+34),"")
B25: =IF(MONTH($J$1+35)=6,DAY($J$1+35),"") | C25: =IF(MONTH($J$1+36)=6,DAY($J$1+36),"") | D25: =IF(MONTH($J$1+37)=6,DAY($J$1+37),"") | E25: =IF(MONTH($J$1+38)=6,DAY($J$1+38),"") | F25: =IF(MONTH($J$1+39)=6,DAY($J$1+39),"") | G25: =IF(MONTH($J$1+40)=6,DAY($J$1+40),"") | H25: =IF(MONTH($J$1+41)=6,DAY($J$1+41),"")
B30: Monthly Goals / Notes
B36: Key:
B37: Throwing Day | C37: Bullpen | D37: Long Toss | E37: Live / Game | F37: Arm Care / Recovery | G37: Lifting | H37: Rest Day

Sheet Jul
B1: =UPPER(TEXT(DATE(Setup!$B$4,7,1),"mmmm yyyy"))&" - THROWING CALENDAR" | J1: =DATE(Setup!$B$4,7,1)-WEEKDAY(DATE(Setup!$B$4,7,1))+1
B2: ="Client: "&Setup!$B$3 | F2: ="Coach: "&Setup!$B$5
B4: Sunday | C4: Monday | D4: Tuesday | E4: Wednesday | F4: Thursday | G4: Friday | H4: Saturday
B5: =IF(MONTH($J$1+0)=7,DAY($J$1+0),"") | C5: =IF(MONTH($J$1+1)=7,DAY($J$1+1),"") | D5: =IF(MONTH($J$1+2)=7,DAY($J$1+2),"") | E5: =IF(MONTH($J$1+3)=7,DAY($J$1+3),"") | F5: =IF(MONTH($J$1+4)=7,DAY($J$1+4),"") | G5: =IF(MONTH($J$1+5)=7,DAY($J$1+5),"") | H5: =IF(MONTH($J$1+6)=7,DAY($J$1+6),"")
B9: =IF(MONTH($J$1+7)=7,DAY($J$1+7),"") | C9: =IF(MONTH($J$1+8)=7,DAY($J$1+8),"") | D9: =IF(MONTH($J$1+9)=7,DAY($J$1+9),"") | E9: =IF(MONTH($J$1+10)=7,DAY($J$1+10),"") | F9: =IF(MONTH($J$1+11)=7,DAY($J$1+11),"") | G9: =IF(MONTH($J$1+12)=7,DAY($J$1+12),"") | H9: =IF(MONTH($J$1+13)=7,DAY($J$1+13),"")
B13: =IF(MONTH($J$1+14)=7,DAY($J$1+14),"") | C13: =IF(MONTH($J$1+15)=7,DAY($J$1+15),"") | D13: =IF(MONTH($J$1+16)=7,DAY($J$1+16),"") | E13: =IF(MONTH($J$1+17)=7,DAY($J$1+17),"") | F13: =IF(MONTH($J$1+18)=7,DAY($J$1+18),"") | G13: =IF(MONTH($J$1+19)=7,DAY($J$1+19),"") | H13: =IF(MONTH($J$1+20)=7,DAY($J$1+20),"")
B17: =IF(MONTH($J$1+21)=7,DAY($J$1+21),"") | C17: =IF(MONTH($J$1+22)=7,DAY($J$1+22),"") | D17: =IF(MONTH($J$1+23)=7,DAY($J$1+23),"") | E17: =IF(MONTH($J$1+24)=7,DAY($J$1+24),"") | F17: =IF(MONTH($J$1+25)=7,DAY($J$1+25),"") | G17: =IF(MONTH($J$1+26)=7,DAY($J$1+26),"") | H17: =IF(MONTH($J$1+27)=7,DAY($J$1+27),"")
B21: =IF(MONTH($J$1+28)=7,DAY($J$1+28),"") | C21: =IF(MONTH($J$1+29)=7,DAY($J$1+29),"") | D21: =IF(MONTH($J$1+30)=7,DAY($J$1+30),"") | E21: =IF(MONTH($J$1+31)=7,DAY($J$1+31),"") | F21: =IF(MONTH($J$1+32)=7,DAY($J$1+32),"") | G21: =IF(MONTH($J$1+33)=7,DAY($J$1+33),"") | H21: =IF(MONTH($J$1+34)=7,DAY($J$1+34),"")
B25: =IF(MONTH($J$1+35)=7,DAY($J$1+35),"") | C25: =IF(MONTH($J$1+36)=7,DAY($J$1+36),"") | D25: =IF(MONTH($J$1+37)=7,DAY($J$1+37),"") | E25: =IF(MONTH($J$1+38)=7,DAY($J$1+38),"") | F25: =IF(MONTH($J$1+39)=7,DAY($J$1+39),"") | G25: =IF(MONTH($J$1+40)=7,DAY($J$1+40),"") | H25: =IF(MONTH($J$1+41)=7,DAY($J$1+41),"")
B30: Monthly Goals / Notes
B36: Key:
B37: Throwing Day | C37: Bullpen | D37: Long Toss | E37: Live / Game | F37: Arm Care / Recovery | G37: Lifting | H37: Rest Day

Sheet Aug
B1: =UPPER(TEXT(DATE(Setup!$B$4,8,1),"mmmm yyyy"))&" - THROWING CALENDAR" | J1: =DATE(Setup!$B$4,8,1)-WEEKDAY(DATE(Setup!$B$4,8,1))+1
B2: ="Client: "&Setup!$B$3 | F2: ="Coach: "&Setup!$B$5
B4: Sunday | C4: Monday | D4: Tuesday | E4: Wednesday | F4: Thursday | G4: Friday | H4: Saturday
B5: =IF(MONTH($J$1+0)=8,DAY($J$1+0),"") | C5: =IF(MONTH($J$1+1)=8,DAY($J$1+1),"") | D5: =IF(MONTH($J$1+2)=8,DAY($J$1+2),"") | E5: =IF(MONTH($J$1+3)=8,DAY($J$1+3),"") | F5: =IF(MONTH($J$1+4)=8,DAY($J$1+4),"") | G5: =IF(MONTH($J$1+5)=8,DAY($J$1+5),"") | H5: =IF(MONTH($J$1+6)=8,DAY($J$1+6),"")
B9: =IF(MONTH($J$1+7)=8,DAY($J$1+7),"") | C9: =IF(MONTH($J$1+8)=8,DAY($J$1+8),"") | D9: =IF(MONTH($J$1+9)=8,DAY($J$1+9),"") | E9: =IF(MONTH($J$1+10)=8,DAY($J$1+10),"") | F9: =IF(MONTH($J$1+11)=8,DAY($J$1+11),"") | G9: =IF(MONTH($J$1+12)=8,DAY($J$1+12),"") | H9: =IF(MONTH($J$1+13)=8,DAY($J$1+13),"")
B13: =IF(MONTH($J$1+14)=8,DAY($J$1+14),"") | C13: =IF(MONTH($J$1+15)=8,DAY($J$1+15),"") | D13: =IF(MONTH($J$1+16)=8,DAY($J$1+16),"") | E13: =IF(MONTH($J$1+17)=8,DAY($J$1+17),"") | F13: =IF(MONTH($J$1+18)=8,DAY($J$1+18),"") | G13: =IF(MONTH($J$1+19)=8,DAY($J$1+19),"") | H13: =IF(MONTH($J$1+20)=8,DAY($J$1+20),"")
B17: =IF(MONTH($J$1+21)=8,DAY($J$1+21),"") | C17: =IF(MONTH($J$1+22)=8,DAY($J$1+22),"") | D17: =IF(MONTH($J$1+23)=8,DAY($J$1+23),"") | E17: =IF(MONTH($J$1+24)=8,DAY($J$1+24),"") | F17: =IF(MONTH($J$1+25)=8,DAY($J$1+25),"") | G17: =IF(MONTH($J$1+26)=8,DAY($J$1+26),"") | H17: =IF(MONTH($J$1+27)=8,DAY($J$1+27),"")
B21: =IF(MONTH($J$1+28)=8,DAY($J$1+28),"") | C21: =IF(MONTH($J$1+29)=8,DAY($J$1+29),"") | D21: =IF(MONTH($J$1+30)=8,DAY($J$1+30),"") | E21: =IF(MONTH($J$1+31)=8,DAY($J$1+31),"") | F21: =IF(MONTH($J$1+32)=8,DAY($J$1+32),"") | G21: =IF(MONTH($J$1+33)=8,DAY($J$1+33),"") | H21: =IF(MONTH($J$1+34)=8,DAY($J$1+34),"")
B25: =IF(MONTH($J$1+35)=8,DAY($J$1+35),"") | C25: =IF(MONTH($J$1+36)=8,DAY($J$1+36),"") | D25: =IF(MONTH($J$1+37)=8,DAY($J$1+37),"") | E25: =IF(MONTH($J$1+38)=8,DAY($J$1+38),"") | F25: =IF(MONTH($J$1+39)=8,DAY($J$1+39),"") | G25: =IF(MONTH($J$1+40)=8,DAY($J$1+40),"") | H25: =IF(MONTH($J$1+41)=8,DAY($J$1+41),"")
B30: Monthly Goals / Notes
B36: Key:
B37: Throwing Day | C37: Bullpen | D37: Long Toss | E37: Live / Game | F37: Arm Care / Recovery | G37: Lifting | H37: Rest Day

Sheet Sep
B1: =UPPER(TEXT(DATE(Setup!$B$4,9,1),"mmmm yyyy"))&" - THROWING CALENDAR" | J1: =DATE(Setup!$B$4,9,1)-WEEKDAY(DATE(Setup!$B$4,9,1))+1
B2: ="Client: "&Setup!$B$3 | F2: ="Coach: "&Setup!$B$5
B4: Sunday | C4: Monday | D4: Tuesday | E4: Wednesday | F4: Thursday | G4: Friday | H4: Saturday
B5: =IF(MONTH($J$1+0)=9,DAY($J$1+0),"") | C5: =IF(MONTH($J$1+1)=9,DAY($J$1+1),"") | D5: =IF(MONTH($J$1+2)=9,DAY($J$1+2),"") | E5: =IF(MONTH($J$1+3)=9,DAY($J$1+3),"") | F5: =IF(MONTH($J$1+4)=9,DAY($J$1+4),"") | G5: =IF(MONTH($J$1+5)=9,DAY($J$1+5),"") | H5: =IF(MONTH($J$1+6)=9,DAY($J$1+6),"")
B9: =IF(MONTH($J$1+7)=9,DAY($J$1+7),"") | C9: =IF(MONTH($J$1+8)=9,DAY($J$1+8),"") | D9: =IF(MONTH($J$1+9)=9,DAY($J$1+9),"") | E9: =IF(MONTH($J$1+10)=9,DAY($J$1+10),"") | F9: =IF(MONTH($J$1+11)=9,DAY($J$1+11),"") | G9: =IF(MONTH($J$1+12)=9,DAY($J$1+12),"") | H9: =IF(MONTH($J$1+13)=9,DAY($J$1+13),"")
B13: =IF(MONTH($J$1+14)=9,DAY($J$1+14),"") | C13: =IF(MONTH($J$1+15)=9,DAY($J$1+15),"") | D13: =IF(MONTH($J$1+16)=9,DAY($J$1+16),"") | E13: =IF(MONTH($J$1+17)=9,DAY($J$1+17),"") | F13: =IF(MONTH($J$1+18)=9,DAY($J$1+18),"") | G13: =IF(MONTH($J$1+19)=9,DAY($J$1+19),"") | H13: =IF(MONTH($J$1+20)=9,DAY($J$1+20),"")
B17: =IF(MONTH($J$1+21)=9,DAY($J$1+21),"") | C17: =IF(MONTH($J$1+22)=9,DAY($J$1+22),"") | D17: =IF(MONTH($J$1+23)=9,DAY($J$1+23),"") | E17: =IF(MONTH($J$1+24)=9,DAY($J$1+24),"") | F17: =IF(MONTH($J$1+25)=9,DAY($J$1+25),"") | G17: =IF(MONTH($J$1+26)=9,DAY($J$1+26),"") | H17: =IF(MONTH($J$1+27)=9,DAY($J$1+27),"")
B21: =IF(MONTH($J$1+28)=9,DAY($J$1+28),"") | C21: =IF(MONTH($J$1+29)=9,DAY($J$1+29),"") | D21: =IF(MONTH($J$1+30)=9,DAY($J$1+30),"") | E21: =IF(MONTH($J$1+31)=9,DAY($J$1+31),"") | F21: =IF(MONTH($J$1+32)=9,DAY($J$1+32),"") | G21: =IF(MONTH($J$1+33)=9,DAY($J$1+33),"") | H21: =IF(MONTH($J$1+34)=9,DAY($J$1+34),"")
B25: =IF(MONTH($J$1+35)=9,DAY($J$1+35),"") | C25: =IF(MONTH($J$1+36)=9,DAY($J$1+36),"") | D25: =IF(MONTH($J$1+37)=9,DAY($J$1+37),"") | E25: =IF(MONTH($J$1+38)=9,DAY($J$1+38),"") | F25: =IF(MONTH($J$1+39)=9,DAY($J$1+39),"") | G25: =IF(MONTH($J$1+40)=9,DAY($J$1+40),"") | H25: =IF(MONTH($J$1+41)=9,DAY($J$1+41),"")
B30: Monthly Goals / Notes
B36: Key:
B37: Throwing Day | C37: Bullpen | D37: Long Toss | E37: Live / Game | F37: Arm Care / Recovery | G37: Lifting | H37: Rest Day

Sheet Oct
B1: =UPPER(TEXT(DATE(Setup!$B$4,10,1),"mmmm yyyy"))&" - THROWING CALENDAR" | J1: =DATE(Setup!$B$4,10,1)-WEEKDAY(DATE(Setup!$B$4,10,1))+1
B2: ="Client: "&Setup!$B$3 | F2: ="Coach: "&Setup!$B$5
B4: Sunday | C4: Monday | D4: Tuesday | E4: Wednesday | F4: Thursday | G4: Friday | H4: Saturday
B5: =IF(MONTH($J$1+0)=10,DAY($J$1+0),"") | C5: =IF(MONTH($J$1+1)=10,DAY($J$1+1),"") | D5: =IF(MONTH($J$1+2)=10,DAY($J$1+2),"") | E5: =IF(MONTH($J$1+3)=10,DAY($J$1+3),"") | F5: =IF(MONTH($J$1+4)=10,DAY($J$1+4),"") | G5: =IF(MONTH($J$1+5)=10,DAY($J$1+5),"") | H5: =IF(MONTH($J$1+6)=10,DAY($J$1+6),"")
B9: =IF(MONTH($J$1+7)=10,DAY($J$1+7),"") | C9: =IF(MONTH($J$1+8)=10,DAY($J$1+8),"") | D9: =IF(MONTH($J$1+9)=10,DAY($J$1+9),"") | E9: =IF(MONTH($J$1+10)=10,DAY($J$1+10),"") | F9: =IF(MONTH($J$1+11)=10,DAY($J$1+11),"") | G9: =IF(MONTH($J$1+12)=10,DAY($J$1+12),"") | H9: =IF(MONTH($J$1+13)=10,DAY($J$1+13),"")
B13: =IF(MONTH($J$1+14)=10,DAY($J$1+14),"") | C13: =IF(MONTH($J$1+15)=10,DAY($J$1+15),"") | D13: =IF(MONTH($J$1+16)=10,DAY($J$1+16),"") | E13: =IF(MONTH($J$1+17)=10,DAY($J$1+17),"") | F13: =IF(MONTH($J$1+18)=10,DAY($J$1+18),"") | G13: =IF(MONTH($J$1+19)=10,DAY($J$1+19),"") | H13: =IF(MONTH($J$1+20)=10,DAY($J$1+20),"")
B17: =IF(MONTH($J$1+21)=10,DAY($J$1+21),"") | C17: =IF(MONTH($J$1+22)=10,DAY($J$1+22),"") | D17: =IF(MONTH($J$1+23)=10,DAY($J$1+23),"") | E17: =IF(MONTH($J$1+24)=10,DAY($J$1+24),"") | F17: =IF(MONTH($J$1+25)=10,DAY($J$1+25),"") | G17: =IF(MONTH($J$1+26)=10,DAY($J$1+26),"") | H17: =IF(MONTH($J$1+27)=10,DAY($J$1+27),"")
B21: =IF(MONTH($J$1+28)=10,DAY($J$1+28),"") | C21: =IF(MONTH($J$1+29)=10,DAY($J$1+29),"") | D21: =IF(MONTH($J$1+30)=10,DAY($J$1+30),"") | E21: =IF(MONTH($J$1+31)=10,DAY($J$1+31),"") | F21: =IF(MONTH($J$1+32)=10,DAY($J$1+32),"") | G21: =IF(MONTH($J$1+33)=10,DAY($J$1+33),"") | H21: =IF(MONTH($J$1+34)=10,DAY($J$1+34),"")
B25: =IF(MONTH($J$1+35)=10,DAY($J$1+35),"") | C25: =IF(MONTH($J$1+36)=10,DAY($J$1+36),"") | D25: =IF(MONTH($J$1+37)=10,DAY($J$1+37),"") | E25: =IF(MONTH($J$1+38)=10,DAY($J$1+38),"") | F25: =IF(MONTH($J$1+39)=10,DAY($J$1+39),"") | G25: =IF(MONTH($J$1+40)=10,DAY($J$1+40),"") | H25: =IF(MONTH($J$1+41)=10,DAY($J$1+41),"")
B30: Monthly Goals / Notes
B36: Key:
B37: Throwing Day | C37: Bullpen | D37: Long Toss | E37: Live / Game | F37: Arm Care / Recovery | G37: Lifting | H37: Rest Day

Sheet Nov
B1: =UPPER(TEXT(DATE(Setup!$B$4,11,1),"mmmm yyyy"))&" - THROWING CALENDAR" | J1: =DATE(Setup!$B$4,11,1)-WEEKDAY(DATE(Setup!$B$4,11,1))+1
B2: ="Client: "&Setup!$B$3 | F2: ="Coach: "&Setup!$B$5
B4: Sunday | C4: Monday | D4: Tuesday | E4: Wednesday | F4: Thursday | G4: Friday | H4: Saturday
B5: =IF(MONTH($J$1+0)=11,DAY($J$1+0),"") | C5: =IF(MONTH($J$1+1)=11,DAY($J$1+1),"") | D5: =IF(MONTH($J$1+2)=11,DAY($J$1+2),"") | E5: =IF(MONTH($J$1+3)=11,DAY($J$1+3),"") | F5: =IF(MONTH($J$1+4)=11,DAY($J$1+4),"") | G5: =IF(MONTH($J$1+5)=11,DAY($J$1+5),"") | H5: =IF(MONTH($J$1+6)=11,DAY($J$1+6),"")
B9: =IF(MONTH($J$1+7)=11,DAY($J$1+7),"") | C9: =IF(MONTH($J$1+8)=11,DAY($J$1+8),"") | D9: =IF(MONTH($J$1+9)=11,DAY($J$1+9),"") | E9: =IF(MONTH($J$1+10)=11,DAY($J$1+10),"") | F9: =IF(MONTH($J$1+11)=11,DAY($J$1+11),"") | G9: =IF(MONTH($J$1+12)=11,DAY($J$1+12),"") | H9: =IF(MONTH($J$1+13)=11,DAY($J$1+13),"")
B13: =IF(MONTH($J$1+14)=11,DAY($J$1+14),"") | C13: =IF(MONTH($J$1+15)=11,DAY($J$1+15),"") | D13: =IF(MONTH($J$1+16)=11,DAY($J$1+16),"") | E13: =IF(MONTH($J$1+17)=11,DAY($J$1+17),"") | F13: =IF(MONTH($J$1+18)=11,DAY($J$1+18),"") | G13: =IF(MONTH($J$1+19)=11,DAY($J$1+19),"") | H13: =IF(MONTH($J$1+20)=11,DAY($J$1+20),"")
B17: =IF(MONTH($J$1+21)=11,DAY($J$1+21),"") | C17: =IF(MONTH($J$1+22)=11,DAY($J$1+22),"") | D17: =IF(MONTH($J$1+23)=11,DAY($J$1+23),"") | E17: =IF(MONTH($J$1+24)=11,DAY($J$1+24),"") | F17: =IF(MONTH($J$1+25)=11,DAY($J$1+25),"") | G17: =IF(MONTH($J$1+26)=11,DAY($J$1+26),"") | H17: =IF(MONTH($J$1+27)=11,DAY($J$1+27),"")
B21: =IF(MONTH($J$1+28)=11,DAY($J$1+28),"") | C21: =IF(MONTH($J$1+29)=11,DAY($J$1+29),"") | D21: =IF(MONTH($J$1+30)=11,DAY($J$1+30),"") | E21: =IF(MONTH($J$1+31)=11,DAY($J$1+31),"") | F21: =IF(MONTH($J$1+32)=11,DAY($J$1+32),"") | G21: =IF(MONTH($J$1+33)=11,DAY($J$1+33),"") | H21: =IF(MONTH($J$1+34)=11,DAY($J$1+34),"")
B25: =IF(MONTH($J$1+35)=11,DAY($J$1+35),"") | C25: =IF(MONTH($J$1+36)=11,DAY($J$1+36),"") | D25: =IF(MONTH($J$1+37)=11,DAY($J$1+37),"") | E25: =IF(MONTH($J$1+38)=11,DAY($J$1+38),"") | F25: =IF(MONTH($J$1+39)=11,DAY($J$1+39),"") | G25: =IF(MONTH($J$1+40)=11,DAY($J$1+40),"") | H25: =IF(MONTH($J$1+41)=11,DAY($J$1+41),"")
B30: Monthly Goals / Notes
B36: Key:
B37: Throwing Day | C37: Bullpen | D37: Long Toss | E37: Live / Game | F37: Arm Care / Recovery | G37: Lifting | H37: Rest Day

Sheet Dec
B1: =UPPER(TEXT(DATE(Setup!$B$4,12,1),"mmmm yyyy"))&" - THROWING CALENDAR" | J1: =DATE(Setup!$B$4,12,1)-WEEKDAY(DATE(Setup!$B$4,12,1))+1
B2: ="Client: "&Setup!$B$3 | F2: ="Coach: "&Setup!$B$5
B4: Sunday | C4: Monday | D4: Tuesday | E4: Wednesday | F4: Thursday | G4: Friday | H4: Saturday
B5: =IF(MONTH($J$1+0)=12,DAY($J$1+0),"") | C5: =IF(MONTH($J$1+1)=12,DAY($J$1+1),"") | D5: =IF(MONTH($J$1+2)=12,DAY($J$1+2),"") | E5: =IF(MONTH($J$1+3)=12,DAY($J$1+3),"") | F5: =IF(MONTH($J$1+4)=12,DAY($J$1+4),"") | G5: =IF(MONTH($J$1+5)=12,DAY($J$1+5),"") | H5: =IF(MONTH($J$1+6)=12,DAY($J$1+6),"")
B9: =IF(MONTH($J$1+7)=12,DAY($J$1+7),"") | C9: =IF(MONTH($J$1+8)=12,DAY($J$1+8),"") | D9: =IF(MONTH($J$1+9)=12,DAY($J$1+9),"") | E9: =IF(MONTH($J$1+10)=12,DAY($J$1+10),"") | F9: =IF(MONTH($J$1+11)=12,DAY($J$1+11),"") | G9: =IF(MONTH($J$1+12)=12,DAY($J$1+12),"") | H9: =IF(MONTH($J$1+13)=12,DAY($J$1+13),"")
B13: =IF(MONTH($J$1+14)=12,DAY($J$1+14),"") | C13: =IF(MONTH($J$1+15)=12,DAY($J$1+15),"") | D13: =IF(MONTH($J$1+16)=12,DAY($J$1+16),"") | E13: =IF(MONTH($J$1+17)=12,DAY($J$1+17),"") | F13: =IF(MONTH($J$1+18)=12,DAY($J$1+18),"") | G13: =IF(MONTH($J$1+19)=12,DAY($J$1+19),"") | H13: =IF(MONTH($J$1+20)=12,DAY($J$1+20),"")
B17: =IF(MONTH($J$1+21)=12,DAY($J$1+21),"") | C17: =IF(MONTH($J$1+22)=12,DAY($J$1+22),"") | D17: =IF(MONTH($J$1+23)=12,DAY($J$1+23),"") | E17: =IF(MONTH($J$1+24)=12,DAY($J$1+24),"") | F17: =IF(MONTH($J$1+25)=12,DAY($J$1+25),"") | G17: =IF(MONTH($J$1+26)=12,DAY($J$1+26),"") | H17: =IF(MONTH($J$1+27)=12,DAY($J$1+27),"")
B21: =IF(MONTH($J$1+28)=12,DAY($J$1+28),"") | C21: =IF(MONTH($J$1+29)=12,DAY($J$1+29),"") | D21: =IF(MONTH($J$1+30)=12,DAY($J$1+30),"") | E21: =IF(MONTH($J$1+31)=12,DAY($J$1+31),"") | F21: =IF(MONTH($J$1+32)=12,DAY($J$1+32),"") | G21: =IF(MONTH($J$1+33)=12,DAY($J$1+33),"") | H21: =IF(MONTH($J$1+34)=12,DAY($J$1+34),"")
B25: =IF(MONTH($J$1+35)=12,DAY($J$1+35),"") | C25: =IF(MONTH($J$1+36)=12,DAY($J$1+36),"") | D25: =IF(MONTH($J$1+37)=12,DAY($J$1+37),"") | E25: =IF(MONTH($J$1+38)=12,DAY($J$1+38),"") | F25: =IF(MONTH($J$1+39)=12,DAY($J$1+39),"") | G25: =IF(MONTH($J$1+40)=12,DAY($J$1+40),"") | H25: =IF(MONTH($J$1+41)=12,DAY($J$1+41),"")
B30: Monthly Goals / Notes
B36: Key:
B37: Throwing Day | C37: Bullpen | D37: Long Toss | E37: Live / Game | F37: Arm Care / Recovery | G37: Lifting | H37: Rest Day
