Workbook

Sheet Weekly Schedule
A1: COAST TO CORN — WEEKLY LESSON SCHEDULE
A2: Week of (Mon): | B2: 46321 | C2: Coach: | E2: ← yellow cells are inputs. Type 'Player – Lesson Type' in a slot (e.g. Jake M – Hitting).
A4: Time | B4: Monday | C4: Tuesday | D4: Wednesday | E4: Thursday | F4: Friday | G4: Saturday | H4: Sunday | J4: Legend
B5: =$B$2+0 | C5: =$B$2+1 | D5: =$B$2+2 | E5: =$B$2+3 | F5: =$B$2+4 | G5: =$B$2+5 | H5: =$B$2+6 | J5: Hitting
A6: 0.29166667 | J6: Pitching
A7: 0.3125 | J7: Catching
A8: 0.33333333 | G8: BLOCKED – Travel tourney | J8: Fielding
A9: 0.35416667 | J9: Speed/Agility
A10: 0.375 | J10: Team Clinic
A11: 0.39583333 | J11: BLOCKED
A12: 0.41666667 | B12: Jake M – Hitting
A13: 0.4375 | B13: Jake M – Hitting | J13: Tip: a lesson longer than 30 min —
A14: 0.45833333 | J14: type it in each slot, or merge cells.
A15: 0.47916667
A16: 0.5
A17: 0.52083333
A18: 0.54166667
A19: 0.5625
A20: 0.58333333
A21: 0.60416667
A22: 0.625
A23: 0.64583333
A24: 0.66666667
A25: 0.6875
A26: 0.70833333 | D26: Ava R – Pitching
A27: 0.72916667
A28: 0.75
A29: 0.77083333
A30: 0.79166667
A31: 0.8125
A32: 0.83333333
A33: 0.85416667
A34: Slots booked | B34: =COUNTA(B6:B33)-COUNTIF(B6:B33,"*BLOCKED*") | C34: =COUNTA(C6:C33)-COUNTIF(C6:C33,"*BLOCKED*") | D34: =COUNTA(D6:D33)-COUNTIF(D6:D33,"*BLOCKED*") | E34: =COUNTA(E6:E33)-COUNTIF(E6:E33,"*BLOCKED*") | F34: =COUNTA(F6:F33)-COUNTIF(F6:F33,"*BLOCKED*") | G34: =COUNTA(G6:G33)-COUNTIF(G6:G33,"*BLOCKED*") | H34: =COUNTA(H6:H33)-COUNTIF(H6:H33,"*BLOCKED*")
G35: Slots this week: | H35: =SUM(B34:H34)

Sheet Lesson Log
A1: Date | B1: Day | C1: Start | D1: End | E1: Length (min) | F1: Player | G1: Age | H1: Parent / Contact | I1: Lesson Type | J1: Location | K1: Rate ($) | L1: Paid? | M1: Notes
A2: 46321 | B2: =IF(A2="","",TEXT(A2,"ddd")) | C2: 0.41666667 | D2: 0.45833333 | E2: =IF(OR(C2="",D2=""),"",ROUND((D2-C2)*1440,0)) | F2: Jake M | G2: 12 | H2: Mom – 555-0101 | I2: Hitting | J2: Main Facility - Cage 1 | K2: 60 | L2: Yes | M2: Sample row – delete me
A3: 46323 | B3: =IF(A3="","",TEXT(A3,"ddd")) | C3: 0.70833333 | D3: 0.72916667 | E3: =IF(OR(C3="",D3=""),"",ROUND((D3-C3)*1440,0)) | F3: Ava R | G3: 14 | H3: Dad – 555-0144 | I3: Pitching | J3: Bullpen | K3: 40 | L3: No | M3: Sample row – delete me
B4: =IF(A4="","",TEXT(A4,"ddd")) | E4: =IF(OR(C4="",D4=""),"",ROUND((D4-C4)*1440,0))
B5: =IF(A5="","",TEXT(A5,"ddd")) | E5: =IF(OR(C5="",D5=""),"",ROUND((D5-C5)*1440,0))
B6: =IF(A6="","",TEXT(A6,"ddd")) | E6: =IF(OR(C6="",D6=""),"",ROUND((D6-C6)*1440,0))
B7: =IF(A7="","",TEXT(A7,"ddd")) | E7: =IF(OR(C7="",D7=""),"",ROUND((D7-C7)*1440,0))
B8: =IF(A8="","",TEXT(A8,"ddd")) | E8: =IF(OR(C8="",D8=""),"",ROUND((D8-C8)*1440,0))
B9: =IF(A9="","",TEXT(A9,"ddd")) | E9: =IF(OR(C9="",D9=""),"",ROUND((D9-C9)*1440,0))
B10: =IF(A10="","",TEXT(A10,"ddd")) | E10: =IF(OR(C10="",D10=""),"",ROUND((D10-C10)*1440,0))
B11: =IF(A11="","",TEXT(A11,"ddd")) | E11: =IF(OR(C11="",D11=""),"",ROUND((D11-C11)*1440,0))
B12: =IF(A12="","",TEXT(A12,"ddd")) | E12: =IF(OR(C12="",D12=""),"",ROUND((D12-C12)*1440,0))
B13: =IF(A13="","",TEXT(A13,"ddd")) | E13: =IF(OR(C13="",D13=""),"",ROUND((D13-C13)*1440,0))
B14: =IF(A14="","",TEXT(A14,"ddd")) | E14: =IF(OR(C14="",D14=""),"",ROUND((D14-C14)*1440,0))
B15: =IF(A15="","",TEXT(A15,"ddd")) | E15: =IF(OR(C15="",D15=""),"",ROUND((D15-C15)*1440,0))
... B301: =IF(A301="","",TEXT(A301,"ddd")) | E301: =IF(OR(C301="",D301=""),"",ROUND((D301-C301)*1440,0))

Sheet Lists
A1: Lesson Types | B1: Locations | C1: Paid? | E1: Edit these lists to change the dropdowns on the Lesson Log.
A2: Hitting | B2: Main Facility - Cage 1 | C2: Yes
A3: Pitching | B3: Main Facility - Cage 2 | C3: No
A4: Catching | B4: Bullpen | C4: Comp
A5: Fielding | B5: Field
A6: Speed/Agility | B6: Player's Location
A7: Team Clinic | B7: Virtual

Sheet Weekly Summary
A1: WEEKLY SUMMARY (from Lesson Log)
A2: Week of: | B2: ='Weekly Schedule'!B2
A4: Day | B4: Date | C4: Lessons | D4: Revenue | E4: Unpaid | G4: By Lesson Type | H4: This Week
A5: Monday | B5: =$B$2+0 | C5: =COUNTIF('Lesson Log'!$A:$A,B5) | D5: =SUMIF('Lesson Log'!$A:$A,B5,'Lesson Log'!$K:$K) | E5: =SUMIFS('Lesson Log'!$K:$K,'Lesson Log'!$A:$A,B5,'Lesson Log'!$L:$L,"No") | G5: Hitting | H5: =COUNTIFS('Lesson Log'!$I:$I,G5,'Lesson Log'!$A:$A,">="&$B$2,'Lesson Log'!$A:$A,"<"&($B$2+7))
A6: Tuesday | B6: =$B$2+1 | C6: =COUNTIF('Lesson Log'!$A:$A,B6) | D6: =SUMIF('Lesson Log'!$A:$A,B6,'Lesson Log'!$K:$K) | E6: =SUMIFS('Lesson Log'!$K:$K,'Lesson Log'!$A:$A,B6,'Lesson Log'!$L:$L,"No") | G6: Pitching | H6: =COUNTIFS('Lesson Log'!$I:$I,G6,'Lesson Log'!$A:$A,">="&$B$2,'Lesson Log'!$A:$A,"<"&($B$2+7))
A7: Wednesday | B7: =$B$2+2 | C7: =COUNTIF('Lesson Log'!$A:$A,B7) | D7: =SUMIF('Lesson Log'!$A:$A,B7,'Lesson Log'!$K:$K) | E7: =SUMIFS('Lesson Log'!$K:$K,'Lesson Log'!$A:$A,B7,'Lesson Log'!$L:$L,"No") | G7: Catching | H7: =COUNTIFS('Lesson Log'!$I:$I,G7,'Lesson Log'!$A:$A,">="&$B$2,'Lesson Log'!$A:$A,"<"&($B$2+7))
A8: Thursday | B8: =$B$2+3 | C8: =COUNTIF('Lesson Log'!$A:$A,B8) | D8: =SUMIF('Lesson Log'!$A:$A,B8,'Lesson Log'!$K:$K) | E8: =SUMIFS('Lesson Log'!$K:$K,'Lesson Log'!$A:$A,B8,'Lesson Log'!$L:$L,"No") | G8: Fielding | H8: =COUNTIFS('Lesson Log'!$I:$I,G8,'Lesson Log'!$A:$A,">="&$B$2,'Lesson Log'!$A:$A,"<"&($B$2+7))
A9: Friday | B9: =$B$2+4 | C9: =COUNTIF('Lesson Log'!$A:$A,B9) | D9: =SUMIF('Lesson Log'!$A:$A,B9,'Lesson Log'!$K:$K) | E9: =SUMIFS('Lesson Log'!$K:$K,'Lesson Log'!$A:$A,B9,'Lesson Log'!$L:$L,"No") | G9: Speed/Agility | H9: =COUNTIFS('Lesson Log'!$I:$I,G9,'Lesson Log'!$A:$A,">="&$B$2,'Lesson Log'!$A:$A,"<"&($B$2+7))
A10: Saturday | B10: =$B$2+5 | C10: =COUNTIF('Lesson Log'!$A:$A,B10) | D10: =SUMIF('Lesson Log'!$A:$A,B10,'Lesson Log'!$K:$K) | E10: =SUMIFS('Lesson Log'!$K:$K,'Lesson Log'!$A:$A,B10,'Lesson Log'!$L:$L,"No") | G10: Team Clinic | H10: =COUNTIFS('Lesson Log'!$I:$I,G10,'Lesson Log'!$A:$A,">="&$B$2,'Lesson Log'!$A:$A,"<"&($B$2+7))
A11: Sunday | B11: =$B$2+6 | C11: =COUNTIF('Lesson Log'!$A:$A,B11) | D11: =SUMIF('Lesson Log'!$A:$A,B11,'Lesson Log'!$K:$K) | E11: =SUMIFS('Lesson Log'!$K:$K,'Lesson Log'!$A:$A,B11,'Lesson Log'!$L:$L,"No")
A12: TOTAL | C12: =SUM(C5:C11) | D12: =SUM(D5:D11) | E12: =SUM(E5:E11)
